accuracy,f1-score,loss,precision,recall,val_accuracy,val_f1-score,val_loss,val_precision,val_recall,learning_rate
0.4352436661720276,0.4409334659576416,1.8921147584915161,0.861396312713623,0.09996425360441208,0.6084293723106384,0.5904773473739624,1.4575798511505127,0.9196078181266785,0.16894812881946564,9.999999747378752e-06
0.6659120917320251,0.6705926060676575,1.2485558986663818,0.8946015238761902,0.29024186730384827,0.6844380497932434,0.6767274141311646,1.1093316078186035,0.8928220272064209,0.3270893394947052,9.999999747378752e-06
0.7296556830406189,0.7319332957267761,1.0229055881500244,0.8987243175506592,0.4112951159477234,0.7154178619384766,0.7043410539627075,0.9432957172393799,0.8653594851493835,0.47694525122642517,9.999999747378752e-06
0.7547956705093384,0.7560803890228271,0.901145339012146,0.8954635262489319,0.48683425784111023,0.7449567914009094,0.7407440543174744,0.8523078560829163,0.8680023550987244,0.5306196212768555,9.999999747378752e-06
0.7707613706588745,0.7724822163581848,0.8136613368988037,0.8942006230354309,0.5437864661216736,0.7651296854019165,0.7631204128265381,0.7671420574188232,0.8798235654830933,0.5749279260635376,9.999999747378752e-06
0.7933992743492126,0.7929612398147583,0.7282366752624512,0.8959568738937378,0.5940665006637573,0.7964697480201721,0.7969462871551514,0.6848902106285095,0.8854805827140808,0.6239193081855774,9.999999747378752e-06
0.802811861038208,0.8029881119728088,0.6825817823410034,0.8966044187545776,0.6292148232460022,0.7827810049057007,0.7739280462265015,0.6887063384056091,0.8702064752578735,0.6376080513000488,9.999999747378752e-06
0.8116287589073181,0.8123762607574463,0.6396647691726685,0.8960596919059753,0.6584058403968811,0.7968299984931946,0.7969579696655273,0.6412171125411987,0.8854668140411377,0.6628242135047913,9.999999747378752e-06
0.8233051300048828,0.824077308177948,0.6002821922302246,0.8977524638175964,0.6758012771606445,0.8173630833625793,0.8144594430923462,0.6012228727340698,0.8809302449226379,0.6822766661643982,9.999999747378752e-06
0.8353389501571655,0.835639238357544,0.5579308271408081,0.905258297920227,0.7035624980926514,0.8148415088653564,0.8070834875106812,0.563435971736908,0.8767730593681335,0.7125360369682312,9.999999747378752e-06
0.8415346145629883,0.8418691754341125,0.535670816898346,0.9055129885673523,0.7182175517082214,0.8180835843086243,0.8150818943977356,0.579582154750824,0.8778421878814697,0.7092939615249634,9.999999747378752e-06
0.8386750817298889,0.8391310572624207,0.5163041949272156,0.9006054997444153,0.7265578508377075,0.8130403161048889,0.8089344501495361,0.5555042624473572,0.8781127333641052,0.7240633964538574,9.999999747378752e-06
0.8433218002319336,0.8438078165054321,0.5019063353538513,0.9019778966903687,0.7389491200447083,0.8335734605789185,0.8343973755836487,0.5214237570762634,0.8861788511276245,0.746037483215332,9.999999747378752e-06
0.8505897521972656,0.8510724902153015,0.4747737646102905,0.9063127636909485,0.752651035785675,0.8332132697105408,0.8332799673080444,0.518591582775116,0.8837308287620544,0.7474783658981323,9.999999747378752e-06
0.8561896681785583,0.8566744327545166,0.453878790140152,0.9063073396682739,0.7652806043624878,0.8515850305557251,0.848180890083313,0.4717805087566376,0.8932489156723022,0.7626080513000488,9.999999747378752e-06
0.8617895841598511,0.8622229099273682,0.44456738233566284,0.9091542363166809,0.7774335741996765,0.8533861637115479,0.8523209095001221,0.48058637976646423,0.8956300616264343,0.7604466676712036,9.999999747378752e-06
0.8625044822692871,0.8632768392562866,0.4304349422454834,0.9098485708236694,0.7804122567176819,0.8425792455673218,0.8394633531570435,0.47958847880363464,0.8890284895896912,0.764769434928894,9.999999747378752e-06
0.8715596199035645,0.8719248175621033,0.41033676266670227,0.9139063954353333,0.795543909072876,0.8494236469268799,0.8442279696464539,0.4514195919036865,0.8930041193962097,0.7817003130912781,9.999999747378752e-06
0.8694149851799011,0.8697634339332581,0.3925643563270569,0.9121447205543518,0.7991183400154114,0.8645533323287964,0.8637409210205078,0.42852726578712463,0.8997564911842346,0.7986311316490173,9.999999747378752e-06
0.8783510327339172,0.8788677453994751,0.3795199692249298,0.9161151051521301,0.8080543279647827,0.8609510064125061,0.8575723767280579,0.4202532172203064,0.8976122736930847,0.7989913821220398,9.999999747378752e-06
0.8732277154922485,0.8734394311904907,0.3750244379043579,0.9132070541381836,0.809841513633728,0.8598703145980835,0.8599470257759094,0.4243595004081726,0.9022312164306641,0.801152765750885,9.999999747378752e-06
0.8771595358848572,0.8774130344390869,0.36277079582214355,0.917601466178894,0.8186584115028381,0.8483429551124573,0.8385892510414124,0.4248497486114502,0.8827061653137207,0.7943083643913269,9.999999747378752e-06
0.8794233202934265,0.8799766898155212,0.3537764549255371,0.9142781496047974,0.8209221959114075,0.8627521395683289,0.8591915369033813,0.4096003770828247,0.8931845426559448,0.8072766661643982,9.999999747378752e-06
0.8841891884803772,0.8844003081321716,0.3358408212661743,0.9167871475219727,0.8309305310249329,0.8465417623519897,0.8465056419372559,0.4450160264968872,0.8822815418243408,0.785662829875946,9.999999747378752e-06
0.8828786015510559,0.883242130279541,0.3368416428565979,0.9152832627296448,0.8277135491371155,0.871037483215332,0.870736300945282,0.3933458626270294,0.9047054052352905,0.8242074847221375,9.999999747378752e-06
0.8890742063522339,0.8891404867172241,0.3228447139263153,0.9220914840698242,0.8404622673988342,0.8757204413414001,0.8736943006515503,0.38045257329940796,0.9060534834861755,0.8303313851356506,9.999999747378752e-06
0.8914571404457092,0.8918619155883789,0.3221561014652252,0.9236211180686951,0.839985728263855,0.8724783658981323,0.8715449571609497,0.3669980764389038,0.8976871967315674,0.8249279260635376,9.999999747378752e-06
0.8925294876098633,0.8927645087242126,0.3093571662902832,0.9233860373497009,0.8486834168434143,0.8659942150115967,0.8629559874534607,0.3804089426994324,0.8969435691833496,0.8245677351951599,9.999999747378752e-06
0.8961039185523987,0.8961985111236572,0.30034950375556946,0.9238474369049072,0.8571428656578064,0.8735590577125549,0.8706128001213074,0.36546874046325684,0.9068199992179871,0.823847234249115,9.999999747378752e-06
0.8995591402053833,0.8996485471725464,0.29209455847740173,0.9274016618728638,0.8569045662879944,0.8771613836288452,0.8738527894020081,0.3441758453845978,0.9001926779747009,0.8414985537528992,9.999999747378752e-06
0.897652804851532,0.8979486227035522,0.29590532183647156,0.9232546091079712,0.8571428656578064,0.8768011331558228,0.8760031461715698,0.3590642511844635,0.9010093212127686,0.8360950946807861,9.999999747378752e-06
0.9013463854789734,0.9014948606491089,0.2786695957183838,0.9242870211601257,0.861074686050415,0.8551872968673706,0.8462157249450684,0.3917810916900635,0.883558988571167,0.8227665424346924,9.999999747378752e-06
0.9027761220932007,0.9029279947280884,0.2735210955142975,0.9259070754051208,0.8665554523468018,0.8703169822692871,0.8633624911308289,0.3525511920452118,0.8964051008224487,0.835374653339386,9.999999747378752e-06
0.905754804611206,0.9057393670082092,0.26267680525779724,0.9267399311065674,0.8741808533668518,0.8825648427009583,0.8799172043800354,0.3350658714771271,0.9091609120368958,0.8508645296096802,1.9999999949504854e-06
0.9099249243736267,0.9099745750427246,0.25490906834602356,0.9331469535827637,0.8747766017913818,0.8847262263298035,0.8825410604476929,0.3283686339855194,0.9095091819763184,0.8544668555259705,1.9999999949504854e-06
0.9101632237434387,0.9102823734283447,0.24622304737567902,0.9315329194068909,0.8753723502159119,0.8811239004135132,0.8788738250732422,0.33095285296440125,0.907798707485199,0.8512247800827026,1.9999999949504854e-06
0.9107589721679688,0.9108644127845764,0.2512715458869934,0.9331983923912048,0.8788275718688965,0.8771613836288452,0.8750370740890503,0.3421872854232788,0.9019984602928162,0.8454610705375671,1.9999999949504854e-06
0.9124270081520081,0.9126517176628113,0.24461229145526886,0.9313256144523621,0.8806148171424866,0.8814841508865356,0.8793590068817139,0.33035120368003845,0.9116512537002563,0.8512247800827026,1.9999999949504854e-06
0.9136185050010681,0.9137811660766602,0.24333758652210236,0.9334677457809448,0.8826403021812439,0.8865273594856262,0.8852041363716125,0.3238558769226074,0.908639132976532,0.8562679886817932,4.0000000467443897e-07
0.9111164212226868,0.9113039970397949,0.24976462125778198,0.9337807297706604,0.8787084221839905,0.8868876099586487,0.8855394721031189,0.32364368438720703,0.9089866280555725,0.8562679886817932,4.0000000467443897e-07
0.9182652235031128,0.9183919429779053,0.2390398234128952,0.9367678761482239,0.8860955834388733,0.8858069181442261,0.8844829797744751,0.3213290274143219,0.9085692167282104,0.8555475473403931,4.0000000467443897e-07
0.9136185050010681,0.9138940572738647,0.2477046251296997,0.9346619844436646,0.8828786015510559,0.8865273594856262,0.8850707411766052,0.31715255975723267,0.9099236726760864,0.8587896227836609,4.0000000467443897e-07
0.9145716428756714,0.9146409034729004,0.23744696378707886,0.9370823502540588,0.8854998350143433,0.8872478604316711,0.8857920169830322,0.3194306194782257,0.9088134169578552,0.8580691814422607,4.0000000467443897e-07
0.9131419062614441,0.9131913781166077,0.2365054339170456,0.932846188545227,0.8821637034416199,0.8868876099586487,0.8856604099273682,0.3234255015850067,0.9078041315078735,0.8548271059989929,4.0000000467443897e-07
0.9196949601173401,0.9197969436645508,0.23730216920375824,0.9368699789047241,0.8858572840690613,0.8858069181442261,0.8844202160835266,0.32101428508758545,0.9092996716499329,0.8559077978134155,4.0000000467443897e-07
0.9139759540557861,0.9142475128173828,0.24444535374641418,0.9341855645179749,0.8794233202934265,0.8858069181442261,0.884464681148529,0.32104581594467163,0.9097514152526855,0.8569884896278381,7.999999951380232e-08
0.9179077744483948,0.9180251955986023,0.2382134050130844,0.9399847984313965,0.8845466375350952,0.8861671686172485,0.884773313999176,0.3209470212459564,0.9098203778266907,0.8577089309692383,7.999999951380232e-08
0.9099249243736267,0.9098138809204102,0.23721745610237122,0.9337547421455383,0.8800190687179565,0.8861671686172485,0.8847761750221252,0.3201768696308136,0.9091949462890625,0.8584293723106384,7.999999951380232e-08
0.9230310916900635,0.9232285022735596,0.23796088993549347,0.9401408433914185,0.890742301940918,0.8865273594856262,0.8851694464683533,0.321457177400589,0.9086042046546936,0.8559077978134155,1.5999999547489097e-08
0.9210056066513062,0.9210872650146484,0.2335384637117386,0.9366214871406555,0.8891933560371399,0.8865273594856262,0.8851256370544434,0.32089319825172424,0.9090213775634766,0.8566282391548157,1.5999999547489097e-08
0.9174311757087708,0.9175373315811157,0.24018608033657074,0.9392794370651245,0.8883593678474426,0.8861671686172485,0.8848884701728821,0.3210032880306244,0.9083619713783264,0.8569884896278381,1.5999999547489097e-08
0.9180269241333008,0.9180662631988525,0.23913858830928802,0.9363819360733032,0.8856189846992493,0.8861671686172485,0.8848047256469727,0.32097697257995605,0.908708930015564,0.8569884896278381,3.1999998206799773e-09
