hf_pk,name1,productID,date,openBalance,received,consumption,closeBalance,stockout
780,"Ampicillin 500mg, Pdr for IM/IV, Inj, Vial",32,2023-03-01,7,0,7,0,1
780,"Cannula, IV, 24G, Short, Sterile, Disposable, Pcs",33,2023-03-01,48,0,28,20,0
780,"Folic Acid 5mg, Tab",34,2023-03-01,104,0,100,4,0
780,"Oxytocin 10IU, Inj, Amp",35,2023-03-01,40,0,18,22,0
780,"Albendazole 400mg, Tab",38,2023-03-01,400,0,250,150,0
780,"Oral Rehydration Salts (ORS), Sachet",39,2023-03-01,80,0,48,32,0
780,"Methyldopa 250mg, Tab",42,2023-03-01,170,0,70,100,0
780,"Zinc Sulphate 20mg, Dispersible, Tab",43,2023-03-01,500,0,300,200,0
780,"Paracetamol (Acetaminophen) 250mg, Dispersible, Tab",46,2023-03-01,50,0,50,0,1
780,"IV Giving Set, Pcs",51,2023-03-01,30,0,20,10,0
